data/images/teddy/sample5.jpg;0
data/images/teddy/sample15.jpg;0
data/images/teddy/sample0.jpg;0
data/images/teddy/sample16.jpg;0
data/images/teddy/sample18.jpg;0
data/images/teddy/sample12.jpg;0
data/images/teddy/sample11.jpg;0
data/images/teddy/sample4.jpg;0
data/images/teddy/sample22.jpg;0
data/images/teddy/sample1.jpg;0
data/images/teddy/sample10.jpg;0
data/images/teddy/sample9.jpg;0
data/images/teddy/sample3.jpg;0
data/images/teddy/sample19.jpg;0
data/images/teddy/sample2.jpg;0
data/images/teddy/sample7.jpg;0
data/images/teddy/sample17.jpg;0
data/images/teddy/sample23.jpg;0
data/images/teddy/sample20.jpg;0
data/images/teddy/sample13.jpg;0
data/images/teddy/sample6.jpg;0
data/images/teddy/sample8.jpg;0
data/images/teddy/sample21.jpg;0
data/images/teddy/sample25.jpg;0
data/images/teddy/sample14.jpg;0
data/images/teddy/sample24.jpg;0
data/images/reuben/sample5.jpg;1
data/images/reuben/sample0.jpg;1
data/images/reuben/sample4.jpg;1
data/images/reuben/sample1.jpg;1
data/images/reuben/sample3.jpg;1
data/images/reuben/sample7.jpg;1
data/images/reuben/sample6.jpg;1
data/images/reuben/sample8.jpg;1
data/images/stephanie/sample5.jpg;2
data/images/stephanie/sample15.jpg;2
data/images/stephanie/sample0.jpg;2
data/images/stephanie/sample16.jpg;2
data/images/stephanie/sample18.jpg;2
data/images/stephanie/sample12.jpg;2
data/images/stephanie/sample11.jpg;2
data/images/stephanie/sample4.jpg;2
data/images/stephanie/sample22.jpg;2
data/images/stephanie/sample26.jpg;2
data/images/stephanie/sample1.jpg;2
data/images/stephanie/sample10.jpg;2
data/images/stephanie/sample9.jpg;2
data/images/stephanie/sample3.jpg;2
data/images/stephanie/sample19.jpg;2
data/images/stephanie/sample2.jpg;2
data/images/stephanie/sample7.jpg;2
data/images/stephanie/sample17.jpg;2
data/images/stephanie/sample23.jpg;2
data/images/stephanie/sample20.jpg;2
data/images/stephanie/sample13.jpg;2
data/images/stephanie/sample6.jpg;2
data/images/stephanie/sample8.jpg;2
data/images/stephanie/sample21.jpg;2
data/images/stephanie/sample25.jpg;2
data/images/stephanie/sample14.jpg;2
data/images/stephanie/sample24.jpg;2
data/images/brian/sample0.jpg;3
data/images/brian/sample4.jpg;3
data/images/brian/sample1.jpg;3
data/images/brian/sample9.jpg;3
data/images/brian/sample3.jpg;3
data/images/brian/sample2.jpg;3
data/images/brian/sample7.jpg;3
data/images/brian/sample6.jpg;3
data/images/brian/sample8.jpg;3
data/images/scott/sample5.jpg;4
data/images/scott/sample15.jpg;4
data/images/scott/sample0.jpg;4
data/images/scott/sample16.jpg;4
data/images/scott/sample18.jpg;4
data/images/scott/sample12.jpg;4
data/images/scott/sample11.jpg;4
data/images/scott/sample4.jpg;4
data/images/scott/sample22.jpg;4
data/images/scott/sample26.jpg;4
data/images/scott/sample1.jpg;4
data/images/scott/sample10.jpg;4
data/images/scott/sample9.jpg;4
data/images/scott/sample3.jpg;4
data/images/scott/sample19.jpg;4
data/images/scott/sample28.jpg;4
data/images/scott/sample27.jpg;4
data/images/scott/sample2.jpg;4
data/images/scott/sample7.jpg;4
data/images/scott/sample17.jpg;4
data/images/scott/sample23.jpg;4
data/images/scott/sample20.jpg;4
data/images/scott/sample30.jpg;4
data/images/scott/sample29.jpg;4
data/images/scott/sample13.jpg;4
data/images/scott/sample6.jpg;4
data/images/scott/sample8.jpg;4
data/images/scott/sample21.jpg;4
data/images/scott/sample25.jpg;4
data/images/scott/sample14.jpg;4
data/images/scott/sample24.jpg;4
